id,first_name,last_name,email,gender,ip_address
1,Anderson,Ballard,aballard0@adobe.com,Genderqueer,146.33.61.252
2,Gilda,Graham,ggraham1@psu.edu,F,103.225.101.118
3,Tommy,Halburton,thalburton2@howstuffworks.com,F,157.74.189.240
4,Cathleen,Pike,cpike3@indiegogo.com,F,206.181.110.78
5,Grata,Collyer,gcollyer4@devhub.com,F,196.150.65.15
6,Raynell,Labdon,rlabdon5@wikispaces.com,F,137.241.220.127
7,Johannes,Farrants,jfarrants6@woothemes.com,M,16.31.47.96
8,Lynnet,Wenman,lwenman7@qq.com,F,248.18.44.46
9,Lisle,Sussex,lsussex8@nasa.gov,M,189.171.57.70
10,Ramsey,Frankis,rfrankis9@networksolutions.com,M,37.224.156.63
11,Janeva,Cleverly,jcleverlya@jalbum.net,F,224.182.94.236
12,Demetre,Wrintmore,dwrintmoreb@vinaora.com,M,129.111.245.151
13,Bern,Nutter,bnutterc@webs.com,M,110.200.159.127
14,Clarisse,Gillespey,cgillespeyd@shutterfly.com,F,215.12.189.218
15,Xylina,Havile,xhavilee@home.pl,F,30.85.63.250
16,Jodi,Kubu,jkubuf@wordpress.com,Non-binary,127.201.17.22
17,Rustie,Davitti,rdavittig@microsoft.com,M,97.109.58.52
18,Rosaline,Waddington,rwaddingtonh@fc2.com,F,55.232.128.163
19,Quincy,Caston,qcastoni@unesco.org,M,106.180.95.121
20,Rustie,Ecclesall,recclesallj@yelp.com,M,91.83.141.230
21,Devin,O'Henehan,dohenehank@cornell.edu,M,223.216.154.234
22,Etti,Cavey,ecaveyl@eventbrite.com,F,165.3.143.229
23,Gail,Reyner,greynerm@yandex.ru,M,122.174.149.30
24,Alphonso,Gabbotts,agabbottsn@sphinn.com,M,160.136.40.87
25,Felicity,Rousel,frouselo@apple.com,F,125.87.16.96
26,Ryon,Reddoch,rreddochp@list-manage.com,M,247.22.233.4
27,Cesare,Fishpond,cfishpondq@myspace.com,M,10.26.106.251
28,Reggie,Pert,rpertr@stumbleupon.com,Polygender,73.138.63.29
29,Kesley,Levane,klevanes@geocities.com,F,21.29.116.189
30,Elwira,Reisk,ereiskt@examiner.com,F,241.181.8.96
31,Gene,Cristofol,gcristofolu@amazon.de,F,93.220.88.148
32,Tessy,Hearle,thearlev@yelp.com,F,8.238.224.146
33,Quillan,Hazeman,qhazemanw@sogou.com,M,177.223.69.146
34,Dorthea,Schulke,dschulkex@reference.com,F,129.163.196.226
35,Richmond,Olechnowicz,rolechnowiczy@miitbeian.gov.cn,M,142.235.235.45
36,Leupold,Richley,lrichleyz@jigsy.com,M,136.64.146.125
37,Kelley,Gosland,kgosland10@biglobe.ne.jp,F,135.116.129.197
38,Lonnard,Dy,ldy11@comcast.net,M,240.0.119.51
39,Joni,McGenn,jmcgenn12@chicagotribune.com,F,237.110.252.245
40,Mic,Crichton,mcrichton13@amazon.co.uk,M,32.62.213.99
41,Brockie,Dine-Hart,bdinehart14@npr.org,M,7.34.56.150
42,Brose,Lonergan,blonergan15@berkeley.edu,M,117.6.142.203
43,Barde,Tille,btille16@discovery.com,M,34.161.200.68
44,Willis,Acuna,wacuna17@geocities.com,M,186.73.117.113
45,Lil,Randles,lrandles18@go.com,F,124.214.74.220
46,Wylie,Domini,wdomini19@timesonline.co.uk,Non-binary,162.226.86.178
47,Graeme,Darrigoe,gdarrigoe1a@shinystat.com,M,255.134.81.148
48,Ketty,Whitehair,kwhitehair1b@google.ca,F,246.143.171.102
49,Cozmo,Bodle,cbodle1c@comcast.net,M,145.20.161.1
50,Dottie,Kineton,dkineton1d@dion.ne.jp,F,144.69.72.36
51,Kenon,Bamlett,kbamlett1e@shop-pro.jp,M,54.47.62.134
52,Earle,Pentycost,epentycost1f@myspace.com,M,206.139.115.117
53,Hally,Frangione,hfrangione1g@mit.edu,F,66.225.41.102
54,Katie,Abrahamoff,kabrahamoff1h@wordpress.com,F,223.160.247.226
55,Mora,Wells,mwells1i@unc.edu,Polygender,216.3.51.18
56,Lita,Firmage,lfirmage1j@marriott.com,F,208.57.170.41
57,Byrom,Milligan,bmilligan1k@1688.com,M,105.114.225.0
58,Raul,Waddy,rwaddy1l@ucsd.edu,M,105.90.190.4
59,Courtnay,Kienlein,ckienlein1m@mozilla.org,F,246.104.154.79
60,Ricardo,Amerighi,ramerighi1n@exblog.jp,M,98.199.253.248
61,Luca,Brooking,lbrooking1o@github.com,M,21.160.17.190
62,Shaun,Jerrold,sjerrold1p@live.com,F,198.166.44.106
63,Marcello,MacKim,mmackim1q@ucoz.com,M,167.44.192.195
64,Elli,Mathwen,emathwen1r@blogspot.com,F,86.65.215.227
65,Nevin,Greason,ngreason1s@adobe.com,M,119.74.174.89
66,Devina,Tribell,dtribell1t@mit.edu,Agender,245.2.141.148
67,Kassey,Oxenden,koxenden1u@slashdot.org,Non-binary,56.161.113.2
68,Killian,Dewire,kdewire1v@va.gov,M,40.247.53.180
69,Norina,Tindle,ntindle1w@tumblr.com,F,218.208.142.27
70,Carissa,Verralls,cverralls1x@telegraph.co.uk,F,60.146.41.180
71,Burton,Philson,bphilson1y@fema.gov,M,69.144.58.239
72,Maximilian,Brothers,mbrothers1z@flickr.com,M,174.219.36.1
73,Northrop,Schade,nschade20@cocolog-nifty.com,M,242.225.84.11
74,Benny,Leisk,bleisk21@dailymotion.com,M,101.215.58.249
75,Hestia,Edden,hedden22@dmoz.org,F,249.242.117.212
76,Eleonore,Flageul,eflageul23@google.co.jp,F,146.30.214.10
77,Lorita,Stoodale,lstoodale24@netlog.com,F,241.43.233.239
78,Annaliese,Kluger,akluger25@youtu.be,F,101.65.167.73
79,Rockwell,Bick,rbick26@hp.com,Genderqueer,170.190.197.174
80,Francklyn,Dumbelton,fdumbelton27@topsy.com,M,156.220.166.162
81,Karie,Duquesnay,kduquesnay28@diigo.com,F,131.62.218.17
82,Spense,Fullager,sfullager29@nba.com,M,104.63.154.250
83,Elisha,Eager,eeager2a@nymag.com,F,182.31.255.200
84,Davidson,Wheway,dwheway2b@technorati.com,Non-binary,54.121.178.35
85,Anette,Kamena,akamena2c@google.co.uk,F,188.194.55.231
86,Daren,Edlyn,dedlyn2d@zdnet.com,M,86.44.118.149
87,Kizzee,Lowell,klowell2e@meetup.com,F,176.196.89.176
88,Terri,Sandham,tsandham2f@rediff.com,F,162.29.117.147
89,Calvin,Banbridge,cbanbridge2g@redcross.org,M,251.1.144.169
90,Antonie,MacMakin,amacmakin2h@unicef.org,F,98.164.36.57
91,Mareah,Sheeres,msheeres2i@bravesites.com,F,75.88.158.3
92,Bale,Huxster,bhuxster2j@naver.com,Agender,175.185.136.71
93,Mose,Kilty,mkilty2k@booking.com,M,107.0.72.101
94,Dasi,Roach,droach2l@soup.io,F,6.47.174.61
95,Penn,Kohlert,pkohlert2m@google.pl,M,131.80.24.1
96,Filippo,Matterdace,fmatterdace2n@bloglovin.com,M,57.103.46.10
97,Suzann,Bilverstone,sbilverstone2o@networksolutions.com,F,209.63.132.25
98,Nanon,Mariette,nmariette2p@flickr.com,F,131.54.223.57
99,Dick,Casseldine,dcasseldine2q@123-reg.co.uk,M,153.38.207.25
100,Karoly,Ballin,kballin2r@ucsd.edu,F,201.79.73.64
101,Tommie,Yurenin,tyurenin2s@yelp.com,M,78.57.130.74
102,Enid,Ericssen,eericssen2t@storify.com,F,109.97.247.71
103,Merwin,Apfler,mapfler2u@rediff.com,M,131.58.179.222
104,Lynnea,Pagel,lpagel2v@ustream.tv,F,243.140.72.152
105,Alvina,Fanner,afanner2w@gizmodo.com,F,194.198.0.116
106,Sheffy,Mugg,smugg2x@google.de,M,197.79.201.204
107,Jessa,Nurse,jnurse2y@bloglines.com,Non-binary,67.251.214.0
108,Rockie,Cohane,rcohane2z@jiathis.com,M,85.184.143.115
109,Vern,Ateggart,vateggart30@wikispaces.com,M,24.199.203.231
110,Stirling,Peartree,speartree31@china.com.cn,Polygender,57.187.30.9
111,Denyse,Caltun,dcaltun32@ftc.gov,F,180.19.99.94
112,Farrand,Beardsall,fbeardsall33@huffingtonpost.com,F,11.213.96.199
113,Annamaria,MacGebenay,amacgebenay34@angelfire.com,F,127.51.100.93
114,Trace,Marden,tmarden35@jimdo.com,M,123.59.94.107
115,Frieda,Sutherby,fsutherby36@wired.com,F,221.208.180.12
116,Stacie,Bedin,sbedin37@archive.org,F,92.128.131.237
117,Layla,Pinder,lpinder38@clickbank.net,F,30.241.188.167
118,Maddi,Ladson,mladson39@imageshack.us,F,252.90.104.242
119,Bertha,Josephsen,bjosephsen3a@whitehouse.gov,F,96.86.204.171
120,Sherline,Varnam,svarnam3b@bravesites.com,Genderqueer,193.88.95.210
121,Fremont,Burtwell,fburtwell3c@statcounter.com,M,69.66.233.102
122,Lucky,Dibbe,ldibbe3d@squidoo.com,F,183.4.80.142
123,Alejandra,Cray,acray3e@marketwatch.com,F,178.233.54.182
124,Garey,Thowless,gthowless3f@nifty.com,M,52.176.166.251
125,Jeanie,Lambard,jlambard3g@mediafire.com,F,133.41.87.31
126,Jacques,Matches,jmatches3h@pen.io,M,199.55.245.219
127,Guillermo,Hamsson,ghamsson3i@edublogs.org,M,171.29.163.209
128,Randene,Bankes,rbankes3j@icio.us,F,38.11.87.124
129,Verena,Alldred,valldred3k@msn.com,F,159.97.41.231
130,Kermit,Crowden,kcrowden3l@homestead.com,M,165.163.25.160
131,Edna,Deverose,edeverose3m@imdb.com,F,106.36.21.4
132,Dulcinea,Fennell,dfennell3n@craigslist.org,F,4.250.236.220
133,Shadow,Hofler,shofler3o@instagram.com,M,133.167.53.71
134,Kendre,Sebright,ksebright3p@google.com,F,191.249.156.157
135,Lorraine,Petchell,lpetchell3q@loc.gov,F,160.24.0.98
136,Giuseppe,Erswell,gerswell3r@friendfeed.com,M,204.124.97.73
137,Danika,Tinto,dtinto3s@liveinternet.ru,F,88.7.68.14
138,Ramon,Adrien,radrien3t@simplemachines.org,M,118.220.184.45
139,Jaye,Sessuns,jsessuns3u@howstuffworks.com,M,204.201.252.155
140,Angelle,Pecey,apecey3v@yahoo.com,F,250.77.38.63
141,Kerri,Sotham,ksotham3w@hostgator.com,F,252.97.105.170
142,Arni,Sentance,asentance3x@example.com,M,233.223.53.69
143,Hamlen,Strafen,hstrafen3y@mapy.cz,M,119.83.213.246
144,Delcina,Dreier,ddreier3z@google.co.jp,F,82.20.185.11
145,Leelah,Mithan,lmithan40@nature.com,F,182.253.235.127
146,Shaylyn,Laidler,slaidler41@bluehost.com,F,100.207.245.63
147,Leone,Lark,llark42@nationalgeographic.com,F,125.43.10.85
148,Jerome,Keyden,jkeyden43@topsy.com,M,22.2.250.99
149,Aurelea,Axcell,aaxcell44@ifeng.com,Agender,23.30.10.176
150,Dawn,McAsgill,dmcasgill45@hibu.com,F,165.227.94.14
151,Gun,Dagwell,gdagwell46@photobucket.com,M,118.71.58.117
152,Ernaline,Apfelmann,eapfelmann47@cdc.gov,Bigender,12.36.253.193
153,Beulah,Malbon,bmalbon48@ft.com,Genderqueer,186.183.167.188
154,Bidget,Camellini,bcamellini49@fc2.com,F,220.25.68.249
155,Dene,Crossfield,dcrossfield4a@photobucket.com,M,232.109.191.15
156,Arty,Kassman,akassman4b@economist.com,M,236.247.65.48
157,Terese,Aleksandrikin,taleksandrikin4c@businessweek.com,F,140.36.147.216
158,Edsel,Adran,eadran4d@oaic.gov.au,Agender,26.105.77.87
159,Niven,Bianco,nbianco4e@bandcamp.com,M,13.215.245.249
160,Leslie,MacKissack,lmackissack4f@comcast.net,F,212.202.151.93
161,Aeriela,Brahmer,abrahmer4g@dell.com,Non-binary,165.123.5.68
162,Trula,Colvill,tcolvill4h@addtoany.com,F,171.50.46.207
163,Idalia,Gallegos,igallegos4i@earthlink.net,F,181.238.186.45
164,Kristine,Christian,kchristian4j@bloomberg.com,F,146.43.158.153
165,Konrad,Iddiens,kiddiens4k@ezinearticles.com,M,94.33.232.144
166,Corinne,Ubsdell,cubsdell4l@tripod.com,F,22.26.196.229
167,Mord,Quilliam,mquilliam4m@angelfire.com,M,168.222.90.252
168,Hansiain,Donaho,hdonaho4n@trellian.com,M,30.88.137.15
169,Brit,Backshell,bbackshell4o@bloomberg.com,F,102.227.52.2
170,Mike,Fearby,mfearby4p@omniture.com,M,22.50.178.0
171,Antons,Jedrzejewsky,ajedrzejewsky4q@wikipedia.org,M,247.122.173.28
172,Obie,Di Boldi,odiboldi4r@purevolume.com,M,4.104.77.228
173,Eleonora,Mapis,emapis4s@usatoday.com,F,218.132.204.143
174,Rickie,Vasilyonok,rvasilyonok4t@sina.com.cn,M,196.64.143.77
175,Lefty,Dunstan,ldunstan4u@si.edu,M,209.2.229.65
176,Flora,Mc Carroll,fmccarroll4v@google.nl,F,214.133.170.32
177,Hadleigh,Hanes,hhanes4w@illinois.edu,Polygender,60.154.217.65
178,Elysha,Children,echildren4x@usa.gov,F,24.29.166.43
179,Brandi,Jandera,bjandera4y@ucsd.edu,F,246.205.157.117
180,Winona,Rany,wrany4z@printfriendly.com,F,232.28.153.255
181,Andy,Gyorgy,agyorgy50@gnu.org,M,3.145.7.226
182,Wakefield,Izzett,wizzett51@friendfeed.com,Bigender,207.51.209.133
183,Cale,Davioud,cdavioud52@dot.gov,M,109.45.156.40
184,Creighton,Noteyoung,cnoteyoung53@flavors.me,M,50.15.222.161
185,Saundra,Divine,sdivine54@pinterest.com,F,173.132.26.200
186,Arturo,Claiton,aclaiton55@vkontakte.ru,M,139.43.15.184
187,Klara,Dowglass,kdowglass56@goo.gl,F,210.136.34.71
188,Terencio,Eck,teck57@epa.gov,M,209.149.139.139
189,Timmie,Wharmby,twharmby58@taobao.com,M,95.57.116.171
190,Nina,Bordman,nbordman59@constantcontact.com,F,166.168.133.144
191,Sunny,Garfoot,sgarfoot5a@sitemeter.com,M,237.17.227.187
192,Elke,Hawley,ehawley5b@360.cn,F,185.15.44.197
193,Risa,Deschlein,rdeschlein5c@mapy.cz,F,217.181.10.192
194,Bellina,Hanwright,bhanwright5d@answers.com,F,242.236.4.127
195,Gussi,Reckus,greckus5e@loc.gov,F,116.80.255.73
196,Rowland,Fain,rfain5f@photobucket.com,M,234.11.195.171
197,Shani,Fishley,sfishley5g@apple.com,Genderqueer,28.132.10.3
198,Agatha,Dubs,adubs5h@virginia.edu,F,152.81.197.95
199,Jeannie,Kidner,jkidner5i@homestead.com,F,232.125.83.69
200,Gaspard,Gludor,ggludor5j@hao123.com,M,74.234.69.54
201,Lianne,Ygou,lygou5k@xinhuanet.com,Agender,88.37.132.125
202,Eleonora,White,ewhite5l@i2i.jp,F,254.71.16.18
203,Genni,Beard,gbeard5m@multiply.com,F,4.179.144.185
204,Patric,Greveson,pgreveson5n@fema.gov,M,75.146.198.42
205,Bernardine,Meegin,bmeegin5o@gizmodo.com,Non-binary,2.69.244.98
206,Wald,Dawid,wdawid5p@cloudflare.com,M,32.239.118.173
207,Rene,Kuhle,rkuhle5q@networksolutions.com,F,200.4.45.176
208,Miltie,Langworthy,mlangworthy5r@dailymotion.com,M,144.91.189.22
209,Alexine,Skyram,askyram5s@mozilla.com,F,148.49.168.213
210,Amery,Alvarado,aalvarado5t@scribd.com,M,148.18.154.41
211,Ollie,Hearse,ohearse5u@csmonitor.com,F,255.101.162.188
212,Garek,Blackledge,gblackledge5v@theguardian.com,M,100.116.165.155
213,Ludovika,Haselhurst,lhaselhurst5w@oaic.gov.au,F,182.142.67.122
214,Prue,Tamas,ptamas5x@4shared.com,F,232.218.57.178
215,Aggy,Berr,aberr5y@senate.gov,F,42.154.35.194
216,Lisette,Cradick,lcradick5z@oakley.com,F,84.236.137.70
217,Elisa,Woodage,ewoodage60@w3.org,F,209.195.220.2
218,Phil,Giovannoni,pgiovannoni61@lulu.com,M,123.78.237.81
219,Benetta,Cardenas,bcardenas62@businesswire.com,F,153.192.224.105
220,Burke,Ciccoloi,bciccoloi63@comcast.net,M,136.177.11.52
221,Oralla,Gleasane,ogleasane64@nba.com,F,59.31.250.53
222,Lorita,Beverstock,lbeverstock65@issuu.com,F,236.3.240.227
223,Baxie,Blest,bblest66@businessinsider.com,M,7.55.44.122
224,Candra,Dobrowolny,cdobrowolny67@tiny.cc,F,135.249.17.120
225,Jemimah,Longcaster,jlongcaster68@digg.com,F,171.103.244.220
226,Phil,Edward,pedward69@dyndns.org,M,188.163.208.130
227,Karlee,Aleshintsev,kaleshintsev6a@cbslocal.com,F,33.233.175.180
228,Tyson,Yakovich,tyakovich6b@w3.org,Non-binary,234.123.26.78
229,Jacki,Vogeller,jvogeller6c@slideshare.net,F,194.11.82.99
230,Sandra,Finlason,sfinlason6d@globo.com,F,97.238.98.151
231,Idalina,McGloin,imcgloin6e@yahoo.com,F,12.221.17.213
232,Nolan,Dickinson,ndickinson6f@patch.com,M,67.7.5.128
233,Florencia,Harrema,fharrema6g@addthis.com,F,166.0.101.19
234,Maryjo,Curbishley,mcurbishley6h@mac.com,F,235.208.136.46
235,Vivie,Godehard.sf,vgodehardsf6i@theatlantic.com,F,179.66.85.82
236,Crissy,Sand,csand6j@printfriendly.com,F,45.161.115.216
237,Essy,Andrea,eandrea6k@ehow.com,F,22.160.143.31
238,Debby,Elsworth,delsworth6l@naver.com,F,177.183.1.165
239,Carleton,Stode,cstode6m@spotify.com,M,139.50.120.152
240,Antonius,Ramage,aramage6n@bloomberg.com,M,112.68.26.102
241,Sanford,Bohler,sbohler6o@fema.gov,M,221.83.137.102
242,Skell,Allott,sallott6p@xing.com,M,140.98.245.38
243,Iggie,Gemnett,igemnett6q@eepurl.com,M,139.206.57.231
244,Menard,Borgnol,mborgnol6r@studiopress.com,M,66.69.56.194
245,Zorana,Wyburn,zwyburn6s@github.io,F,122.171.248.194
246,Inger,Jaffa,ijaffa6t@unesco.org,M,90.151.24.85
247,Averyl,Renol,arenol6u@pagesperso-orange.fr,F,205.109.210.147
248,Ivett,Guerri,iguerri6v@bigcartel.com,F,242.78.83.10
249,Persis,Celler,pceller6w@tinypic.com,F,69.162.40.188
250,Garvy,Cordobes,gcordobes6x@ezinearticles.com,M,33.8.79.159
251,Konstantin,Collick,kcollick6y@webnode.com,M,234.236.184.53
252,Banky,Bediss,bbediss6z@twitpic.com,M,120.253.78.61
253,Sarajane,Rainsbury,srainsbury70@surveymonkey.com,F,27.15.76.186
254,Rozelle,Pavett,rpavett71@merriam-webster.com,F,153.89.18.18
255,Mame,Quiney,mquiney72@addthis.com,F,132.69.189.55
256,Hermann,Pill,hpill73@hud.gov,M,228.156.63.158
257,Halimeda,Mabb,hmabb74@skyrock.com,F,30.63.171.106
258,Krishna,Hallede,khallede75@wordpress.com,M,163.71.197.91
259,Kamillah,Messenbird,kmessenbird76@altervista.org,F,49.67.21.175
260,Bridget,Creaser,bcreaser77@latimes.com,Polygender,147.37.179.113
261,Darrelle,Gregolin,dgregolin78@prweb.com,F,232.97.30.254
262,Monica,Southerton,msoutherton79@cbsnews.com,F,223.63.16.14
263,Linet,Duchenne,lduchenne7a@msu.edu,F,118.92.4.99
264,Fran,Imeson,fimeson7b@unc.edu,F,85.18.171.195
265,Ives,Lening,ilening7c@ed.gov,M,93.42.218.159
266,Cross,Eastabrook,ceastabrook7d@edublogs.org,M,50.247.188.47
267,Hayyim,Glantz,hglantz7e@wisc.edu,M,127.179.92.82
268,Barrie,Ledrane,bledrane7f@smh.com.au,F,254.184.123.250
269,Elvis,Tejero,etejero7g@jimdo.com,M,104.213.16.176
270,Bartolomeo,Jeenes,bjeenes7h@who.int,M,120.85.166.102
271,Cristiano,Patron,cpatron7i@shutterfly.com,M,12.182.72.104
272,Barth,Ingreda,bingreda7j@themeforest.net,M,226.34.16.211
273,Christel,Cozzi,ccozzi7k@cafepress.com,F,77.70.176.33
274,Pavia,Cardew,pcardew7l@state.gov,F,28.162.225.85
275,Yvon,Cavozzi,ycavozzi7m@tamu.edu,M,124.17.88.205
276,Nanete,Bailiss,nbailiss7n@yandex.ru,F,182.52.97.24
277,Isabelita,Sieur,isieur7o@odnoklassniki.ru,F,242.130.166.202
278,Reeba,Rookesby,rrookesby7p@ning.com,F,200.186.190.83
279,Clyde,Vogl,cvogl7q@nps.gov,M,129.26.5.96
280,Nicko,McComiskey,nmccomiskey7r@whitehouse.gov,M,164.32.253.129
281,Tod,McGregor,tmcgregor7s@guardian.co.uk,M,65.84.81.230
282,Sadella,Marcinkowski,smarcinkowski7t@ox.ac.uk,F,144.236.3.201
283,Bettina,Hellis,bhellis7u@examiner.com,F,10.131.26.119
284,Jenine,Yarrell,jyarrell7v@livejournal.com,F,210.142.188.170
285,Glory,Cattemull,gcattemull7w@marriott.com,F,156.194.178.198
286,Kain,Padberry,kpadberry7x@studiopress.com,M,42.129.221.248
287,Carmelita,Fitzpatrick,cfitzpatrick7y@narod.ru,F,46.99.210.132
288,Wiatt,MacMarcuis,wmacmarcuis7z@netlog.com,M,146.57.236.106
289,Justin,Wildblood,jwildblood80@globo.com,Genderqueer,224.131.213.47
290,Kaleb,Blennerhassett,kblennerhassett81@wufoo.com,M,158.113.164.114
291,Averill,Ahmad,aahmad82@imgur.com,M,207.31.87.100
292,Bartholomeo,Aprahamian,baprahamian83@state.gov,M,19.35.149.0
293,Maurie,Davinet,mdavinet84@imgur.com,M,253.58.74.54
294,Der,Crossingham,dcrossingham85@weebly.com,M,39.47.104.216
295,Rosana,Sola,rsola86@parallels.com,F,86.16.223.30
296,Mayor,Paur,mpaur87@nymag.com,M,170.31.79.170
297,Connie,Carsberg,ccarsberg88@instagram.com,M,161.32.36.180
298,Gordy,Beinisch,gbeinisch89@msn.com,M,68.232.51.233
299,Hildegaard,Antonomoli,hantonomoli8a@miibeian.gov.cn,F,16.8.186.165
300,Rhett,Capinetti,rcapinetti8b@last.fm,M,49.230.100.37
301,Chantalle,Aldhous,caldhous8c@sfgate.com,Polygender,116.174.34.230
302,Xylina,Prince,xprince8d@smugmug.com,F,0.3.200.23
303,Sheryl,Minear,sminear8e@usda.gov,F,40.209.17.239
304,Fonz,Carbin,fcarbin8f@zdnet.com,M,7.154.141.78
305,Garner,Bruinemann,gbruinemann8g@spotify.com,M,92.131.4.0
306,Allina,Cutbush,acutbush8h@goo.gl,F,193.191.2.110
307,Nial,Chooter,nchooter8i@tamu.edu,M,152.93.102.112
308,Alena,Barnewall,abarnewall8j@liveinternet.ru,F,227.111.161.111
309,Lurette,Beeton,lbeeton8k@google.ca,F,246.80.127.166
310,Saul,Blakeston,sblakeston8l@google.ru,M,131.46.1.241
311,My,Crasford,mcrasford8m@squarespace.com,M,247.241.84.115
312,Tibold,Vane,tvane8n@angelfire.com,M,238.153.210.4
313,Jilleen,Havercroft,jhavercroft8o@artisteer.com,F,234.163.10.19
314,Rancell,Bartke,rbartke8p@pinterest.com,M,161.139.192.113
315,Carolina,Cosgrive,ccosgrive8q@jalbum.net,F,80.200.166.243
316,Christan,Benda,cbenda8r@themeforest.net,F,118.46.96.70
317,Purcell,Polamontayne,ppolamontayne8s@jugem.jp,Polygender,111.7.109.31
318,Bax,Waddup,bwaddup8t@java.com,M,223.83.97.182
319,Hannis,Raysdale,hraysdale8u@sfgate.com,F,249.51.30.43
320,L;urette,Frankom,lfrankom8v@ft.com,F,23.112.230.49
321,Opal,Tiplady,otiplady8w@foxnews.com,F,20.55.133.239
322,Marcel,Olfert,molfert8x@dell.com,Agender,237.21.164.89
323,Ainsley,Posnette,aposnette8y@rakuten.co.jp,F,197.34.203.237
324,Joann,Garfoot,jgarfoot8z@columbia.edu,Non-binary,114.219.202.247
325,Gardy,Aleksandrov,galeksandrov90@artisteer.com,M,35.170.246.137
326,Ganny,Deverale,gdeverale91@hao123.com,M,66.75.46.37
327,Brina,Muzzini,bmuzzini92@ocn.ne.jp,F,44.80.75.52
328,Cheston,Dietmar,cdietmar93@pen.io,Agender,185.21.22.56
329,Ellene,Keyme,ekeyme94@mapy.cz,F,175.63.39.21
330,Mar,Seeviour,mseeviour95@addthis.com,M,90.163.49.238
331,Therine,Leven,tleven96@free.fr,F,252.53.222.7
332,Berenice,Knok,bknok97@w3.org,F,111.62.127.122
333,Anselm,Fouracres,afouracres98@chicagotribune.com,M,47.62.35.81
334,Hersch,MacKimmie,hmackimmie99@drupal.org,M,243.25.93.181
335,Mick,Kruger,mkruger9a@ifeng.com,M,20.218.222.236
336,Carola,Shinfield,cshinfield9b@google.nl,F,88.59.173.236
337,Chelsey,Stillwell,cstillwell9c@wsj.com,F,189.65.180.12
338,Dominique,Durdle,ddurdle9d@fastcompany.com,M,142.164.87.89
339,Joe,Clewlowe,jclewlowe9e@blogtalkradio.com,M,131.200.204.2
340,Carmela,Ivett,civett9f@mail.ru,F,164.78.147.155
341,Vania,Popescu,vpopescu9g@shinystat.com,F,24.83.244.6
342,Jasen,Bailles,jbailles9h@google.co.uk,M,229.59.132.157
343,Ephraim,Giannini,egiannini9i@google.fr,M,127.215.216.218
344,Jilleen,Buxton,jbuxton9j@wix.com,F,217.156.213.89
345,Kristel,Siman,ksiman9k@berkeley.edu,F,230.231.203.86
346,Nichole,Barratt,nbarratt9l@wikipedia.org,M,69.167.144.58
347,Valry,Bundy,vbundy9m@slideshare.net,Polygender,59.111.153.43
348,Quentin,Janicijevic,qjanicijevic9n@technorati.com,M,251.233.33.200
349,Clyve,Macak,cmacak9o@jimdo.com,Bigender,212.202.197.118
350,Cale,Overshott,covershott9p@delicious.com,M,245.165.29.199
351,Chip,Garrad,cgarrad9q@biblegateway.com,M,44.234.214.206
352,Bronny,Beardall,bbeardall9r@mashable.com,M,72.239.155.211
353,Gilbertina,Paulou,gpaulou9s@ft.com,F,4.72.81.153
354,Glenine,MacPhaden,gmacphaden9t@github.com,F,112.6.138.143
355,Vern,Gatch,vgatch9u@t-online.de,M,189.17.0.69
356,Libbi,Sabie,lsabie9v@cafepress.com,F,51.197.198.238
357,Ozzy,Ree,oree9w@arstechnica.com,M,70.49.183.0
358,Iseabal,Yushachkov,iyushachkov9x@forbes.com,F,168.25.37.221
359,Monica,O'Brogan,mobrogan9y@answers.com,Agender,92.245.199.112
360,Minda,Darwin,mdarwin9z@soup.io,F,177.202.139.60
361,Burt,Sherbrook,bsherbrooka0@domainmarket.com,M,192.145.6.20
362,Evy,Le Frank,elefranka1@360.cn,F,67.82.28.109
363,Nicki,Marre,nmarrea2@youtu.be,F,249.235.18.173
364,Abba,Compford,acompforda3@aol.com,M,114.5.48.147
365,Faber,Borrows,fborrowsa4@diigo.com,M,197.224.233.29
366,Ardith,Quinton,aquintona5@lulu.com,F,16.107.86.206
367,Hilarius,Thon,hthona6@senate.gov,M,132.146.90.79
368,Giralda,Ewer,gewera7@is.gd,F,175.26.106.115
369,Dara,Crisall,dcrisalla8@reuters.com,F,218.122.54.191
370,Elladine,Brolechan,ebrolechana9@icio.us,F,137.215.190.18
371,Hilde,Cecil,hcecilaa@wisc.edu,F,35.68.195.227
372,Ewell,Rainford,erainfordab@techcrunch.com,M,72.60.78.79
373,Edi,Harriday,eharridayac@domainmarket.com,F,99.59.131.181
374,Jessika,Rome,jromead@reuters.com,F,147.62.137.96
375,Edgar,Asplen,easplenae@twitpic.com,M,45.104.146.149
376,Fanni,Kettlewell,fkettlewellaf@rakuten.co.jp,F,193.63.240.143
377,Dunn,Buckoke,dbuckokeag@hc360.com,M,123.144.59.73
378,Sharla,Myford,smyfordah@cisco.com,F,137.80.46.18
379,Allison,Henaughan,ahenaughanai@netvibes.com,F,157.194.181.11
380,Ellswerth,Layfield,elayfieldaj@arizona.edu,M,107.11.245.155
381,Pyotr,Thomas,pthomasak@harvard.edu,M,56.28.224.75
382,Rosabella,Glencross,rglencrossal@reuters.com,F,80.48.164.8
383,Olivier,Berndtsson,oberndtssonam@uiuc.edu,M,53.100.229.81
384,Tamara,Shimmings,tshimmingsan@artisteer.com,F,82.211.22.211
385,Rochette,Passby,rpassbyao@gov.uk,F,207.60.43.81
386,Xylina,Iannetti,xiannettiap@time.com,F,206.160.237.245
387,Angelica,Stiggers,astiggersaq@ovh.net,F,72.86.220.93
388,Dimitry,Espadater,despadaterar@google.com.br,Bigender,131.79.34.98
389,Alfy,Brunesco,abrunescoas@stumbleupon.com,F,132.226.31.204
390,Gray,Cownden,gcowndenat@msu.edu,M,251.53.37.141
391,Valry,Whitechurch,vwhitechurchau@disqus.com,F,163.77.22.13
392,Bale,McParlin,bmcparlinav@irs.gov,M,56.191.119.123
393,Hillie,Southcott,hsouthcottaw@seattletimes.com,M,111.153.196.167
394,Tito,Graine,tgraineax@slashdot.org,M,35.182.53.183
395,Kristel,Cuncliffe,kcuncliffeay@123-reg.co.uk,F,33.159.2.78
396,Dionysus,Desesquelle,ddesesquelleaz@hp.com,M,232.88.149.10
397,Hildegarde,Pardew,hpardewb0@themeforest.net,F,126.134.51.63
398,Kippar,Suthren,ksuthrenb1@google.com,M,99.81.88.98
399,Ealasaid,Hunnicutt,ehunnicuttb2@upenn.edu,F,82.213.50.46
400,Chrisy,Kornyakov,ckornyakovb3@ezinearticles.com,M,19.78.170.79
401,Levin,Kelle,lkelleb4@angelfire.com,Genderfluid,25.77.234.158
402,Chevy,Geater,cgeaterb5@blogspot.com,M,193.200.110.65
403,Coleman,Crallan,ccrallanb6@creativecommons.org,M,94.9.10.16
404,Willy,Mazin,wmazinb7@gravatar.com,M,186.92.75.32
405,Sarajane,Mockler,smocklerb8@yellowpages.com,F,42.212.16.3
406,Karlotta,Champniss,kchampnissb9@psu.edu,F,150.175.219.125
407,Ines,Lillico,ilillicoba@tripod.com,F,213.41.222.85
408,Shannon,Grimes,sgrimesbb@imageshack.us,M,208.93.96.96
409,Berthe,Waldram,bwaldrambc@google.cn,F,104.4.224.14
410,Georg,Weinmann,gweinmannbd@ifeng.com,M,55.108.22.236
411,My,Sopper,msopperbe@hubpages.com,M,124.201.229.98
412,Wally,Bockings,wbockingsbf@google.com.au,M,116.156.166.234
413,Darcie,Petras,dpetrasbg@thetimes.co.uk,Genderqueer,128.244.131.46
414,Enrique,Praten,epratenbh@java.com,M,131.51.147.206
415,Wolfie,Phippin,wphippinbi@hugedomains.com,M,207.132.148.241
416,Eleen,Hakewell,ehakewellbj@springer.com,F,151.102.79.17
417,Caril,Eldered,celderedbk@yale.edu,F,18.33.10.166
418,Elena,Beddoes,ebeddoesbl@mediafire.com,F,241.16.100.19
419,Shermy,Thoms,sthomsbm@qq.com,M,55.181.170.57
420,Eddie,Pryke,eprykebn@instagram.com,M,190.204.41.94
421,Zelig,Crispin,zcrispinbo@nifty.com,M,123.53.38.183
422,Galen,Penrith,gpenrithbp@admin.ch,Genderfluid,189.99.241.212
423,Pryce,MacKellar,pmackellarbq@bloglovin.com,M,21.54.247.84
424,Martguerita,Gascoyne,mgascoynebr@mail.ru,F,202.39.211.133
425,Maisey,Sarfass,msarfassbs@uiuc.edu,F,171.40.205.217
426,Morgen,Massard,mmassardbt@nsw.gov.au,M,156.206.30.88
427,Iggie,Buckthorp,ibuckthorpbu@fc2.com,M,212.27.46.74
428,Hank,Sailor,hsailorbv@live.com,M,49.13.70.26
429,Winfred,Djurevic,wdjurevicbw@unesco.org,M,153.14.158.225
430,Ricky,Oakton,roaktonbx@phoca.cz,Genderfluid,203.220.96.80
431,Cheslie,Michael,cmichaelby@wikia.com,F,133.186.103.106
432,Darwin,Bucktrout,dbucktroutbz@gmpg.org,M,69.219.116.34
433,Nowell,Lieb,nliebc0@imageshack.us,M,242.127.238.83
434,Hugibert,Bennallck,hbennallckc1@posterous.com,M,100.203.6.148
435,Loleta,Cardoe,lcardoec2@comsenz.com,F,131.142.56.73
436,Goldia,Weedon,gweedonc3@ed.gov,F,185.224.218.157
437,Travis,Brosh,tbroshc4@eventbrite.com,M,161.221.191.28
438,Pincus,Brightwell,pbrightwellc5@myspace.com,M,58.18.30.72
439,Teddie,Lovitt,tlovittc6@tuttocitta.it,F,200.98.46.48
440,Angelico,Jermey,ajermeyc7@netvibes.com,M,12.26.31.234
441,Blane,MacGiany,bmacgianyc8@cpanel.net,M,247.194.223.149
442,Melania,Calverley,mcalverleyc9@sbwire.com,F,30.80.115.154
443,Hunt,Maciaszek,hmaciaszekca@dyndns.org,M,107.143.245.45
444,Nappie,Holdren,nholdrencb@jalbum.net,M,130.251.219.39
445,Inglebert,Jahncke,ijahnckecc@over-blog.com,M,132.218.51.30
446,Lucien,Henzley,lhenzleycd@cnet.com,M,9.31.65.168
447,Alexio,Rizzardo,arizzardoce@macromedia.com,M,59.42.108.224
448,Jenine,Dobbson,jdobbsoncf@alibaba.com,F,101.3.245.130
449,Hailey,Trinke,htrinkecg@amazon.de,M,103.156.40.41
450,Ashly,McGonagle,amcgonaglech@yolasite.com,Polygender,178.167.171.21
451,Emilia,Burrill,eburrillci@wikispaces.com,F,43.172.116.81
452,Donnie,Klais,dklaiscj@discovery.com,F,60.48.138.128
453,Kelley,Jurasek,kjurasekck@nyu.edu,F,34.62.179.189
454,Garrott,Gimenez,ggimenezcl@dropbox.com,M,160.164.217.82
455,Urbano,Hrynczyk,uhrynczykcm@51.la,M,182.39.41.140
456,Rheba,McHaffy,rmchaffycn@paypal.com,Polygender,174.177.191.32
457,Chrystel,Dantesia,cdantesiaco@indiegogo.com,F,77.126.55.151
458,Malvin,Raden,mradencp@timesonline.co.uk,M,3.130.32.90
459,Luigi,Belcham,lbelchamcq@cocolog-nifty.com,M,185.63.178.135
460,Lacey,McGrorty,lmcgrortycr@google.ru,F,2.39.0.73
461,Trey,Chivrall,tchivrallcs@discovery.com,M,217.209.103.241
462,Melodee,Divver,mdivverct@answers.com,F,165.115.130.27
463,Delinda,Scrivin,dscrivincu@theglobeandmail.com,Bigender,77.80.131.176
464,Codie,Medcalf,cmedcalfcv@ox.ac.uk,F,205.153.138.245
465,Ursulina,Beebis,ubeebiscw@loc.gov,F,154.210.183.130
466,Ophelie,Siehard,osiehardcx@telegraph.co.uk,F,108.37.147.68
467,Phillie,Karolczyk,pkarolczykcy@yale.edu,F,61.139.162.79
468,Tamra,Wickliffe,twickliffecz@reference.com,F,8.60.157.171
469,Camile,Barday,cbardayd0@sciencedirect.com,F,92.84.96.51
470,Vivianna,Gabbetis,vgabbetisd1@cbslocal.com,F,163.76.214.220
471,Mina,Poon,mpoond2@google.it,F,179.8.35.156
472,Rosmunda,Nisen,rnisend3@comsenz.com,F,172.26.84.106
473,Ardith,Pentycross,apentycrossd4@techcrunch.com,F,200.32.129.252
474,Alameda,Eagling,aeaglingd5@wikimedia.org,F,150.29.222.203
475,Peirce,Arghent,parghentd6@netscape.com,M,105.127.233.233
476,Milissent,Gross,mgrossd7@zimbio.com,F,161.170.222.165
477,Daisie,Aires,dairesd8@google.fr,F,175.189.187.204
478,Skylar,Windsor,swindsord9@nydailynews.com,M,154.171.72.255
479,Monte,Illing,millingda@arstechnica.com,M,17.233.170.150
480,Stoddard,Fancourt,sfancourtdb@apple.com,F,159.243.255.56
481,Wynn,Pirouet,wpirouetdc@parallels.com,M,237.115.92.234
482,Yuma,Smallthwaite,ysmallthwaitedd@ihg.com,M,3.159.104.140
483,Bronnie,Preskett,bpreskettde@xrea.com,Agender,187.141.204.4
484,Codee,Wetherill,cwetherilldf@ibm.com,F,169.129.218.116
485,Vito,Ewbanks,vewbanksdg@ca.gov,M,186.86.66.204
486,Willdon,Point,wpointdh@cnet.com,M,105.226.233.182
487,Imojean,Cregg,icreggdi@intel.com,F,90.48.52.128
488,Joelynn,Vause,jvausedj@apache.org,F,92.249.114.173
489,Grethel,Tesyro,gtesyrodk@nasa.gov,F,124.226.26.119
490,Lucie,Sweynson,lsweynsondl@networkadvertising.org,F,29.124.210.121
491,Susette,Ladon,sladondm@lycos.com,F,19.222.10.194
492,Payton,Skitch,pskitchdn@nhs.uk,M,148.25.9.186
493,Ciel,Frome,cfromedo@com.com,F,122.239.177.192
494,Karim,Fitzharris,kfitzharrisdp@deliciousdays.com,M,243.30.144.56
495,Brana,Acland,baclanddq@java.com,F,67.99.100.158
496,Gaspard,Thunder,gthunderdr@weibo.com,M,168.124.168.196
497,Willy,Roony,wroonyds@google.ru,Polygender,132.67.93.124
498,Benjamin,Alsina,balsinadt@accuweather.com,M,29.218.122.212
499,Grant,Pashe,gpashedu@house.gov,M,197.83.9.156
500,Branden,Giannini,bgianninidv@spotify.com,M,31.135.175.137
